Workbook

Sheet PerformanceData
A1: Month | B1: Category | C1: Plan | D1: Actual | E1: Variance | F1: VariancePct | G1: Favorability | H1: Owner | I1: DataQualityFlag
A2: Jan | B2: Premium Revenue | C2: 1250000 | D2: 1285000 | E2: =D2-C2 -> 35000 | F2: =IF(C2=0,0,E2/C2) -> 0.028 | G2: =IF(B2="Premium Revenue",IF(E2>=0,"Favorable","Unfavorable"),IF(E2<=0,"Favorable","Unfavorable")) -> Favorable | H2: Revenue Finance | I2: None
A3: Jan | B3: Paid Claims | C3: 720000 | D3: 755000 | E3: =D3-C3 -> 35000 | F3: =IF(C3=0,0,E3/C3) -> 0.048611111 | G3: =IF(B3="Premium Revenue",IF(E3>=0,"Favorable","Unfavorable"),IF(E3<=0,"Favorable","Unfavorable")) -> Unfavorable | H3: Claims Finance | I3: Supporting claim-detail schedule not included
A4: Jan | B4: Operating Expense | C4: 310000 | D4: 318000 | E4: =D4-C4 -> 8000 | F4: =IF(C4=0,0,E4/C4) -> 0.025806452 | G4: =IF(B4="Premium Revenue",IF(E4>=0,"Favorable","Unfavorable"),IF(E4<=0,"Favorable","Unfavorable")) -> Unfavorable | H4: FP&A | I4: None
A5: Feb | B5: Premium Revenue | C5: 1275000 | D5: 1260000 | E5: =D5-C5 -> -15000 | F5: =IF(C5=0,0,E5/C5) -> -0.011764706 | G5: =IF(B5="Premium Revenue",IF(E5>=0,"Favorable","Unfavorable"),IF(E5<=0,"Favorable","Unfavorable")) -> Unfavorable | H5: Revenue Finance | I5: Channel detail not included
A6: Feb | B6: Paid Claims | C6: 735000 | D6: 790000 | E6: =D6-C6 -> 55000 | F6: =IF(C6=0,0,E6/C6) -> 0.074829932 | G6: =IF(B6="Premium Revenue",IF(E6>=0,"Favorable","Unfavorable"),IF(E6<=0,"Favorable","Unfavorable")) -> Unfavorable | H6: Claims Finance | I6: Supporting claim-detail schedule not included
A7: Feb | B7: Operating Expense | C7: 312000 | D7: 329000 | E7: =D7-C7 -> 17000 | F7: =IF(C7=0,0,E7/C7) -> 0.054487179 | G7: =IF(B7="Premium Revenue",IF(E7>=0,"Favorable","Unfavorable"),IF(E7<=0,"Favorable","Unfavorable")) -> Unfavorable | H7: FP&A | I7: None
A8: Mar | B8: Premium Revenue | C8: 1300000 | D8: 1318000 | E8: =D8-C8 -> 18000 | F8: =IF(C8=0,0,E8/C8) -> 0.013846154 | G8: =IF(B8="Premium Revenue",IF(E8>=0,"Favorable","Unfavorable"),IF(E8<=0,"Favorable","Unfavorable")) -> Favorable | H8: Revenue Finance | I8: None
A9: Mar | B9: Paid Claims | C9: 750000 | D9: 812000 | E9: =D9-C9 -> 62000 | F9: =IF(C9=0,0,E9/C9) -> 0.082666667 | G9: =IF(B9="Premium Revenue",IF(E9>=0,"Favorable","Unfavorable"),IF(E9<=0,"Favorable","Unfavorable")) -> Unfavorable | H9: Claims Finance | I9: Supporting claim-detail schedule not included
A10: Mar | B10: Operating Expense | C10: 315000 | D10: 347000 | E10: =D10-C10 -> 32000 | F10: =IF(C10=0,0,E10/C10) -> 0.1015873 | G10: =IF(B10="Premium Revenue",IF(E10>=0,"Favorable","Unfavorable"),IF(E10<=0,"Favorable","Unfavorable")) -> Unfavorable | H10: FP&A | I10: Final allocation review pending
A11: Apr | B11: Premium Revenue | C11: 1325000 | D11: 1290000 | E11: =D11-C11 -> -35000 | F11: =IF(C11=0,0,E11/C11) -> -0.026415094 | G11: =IF(B11="Premium Revenue",IF(E11>=0,"Favorable","Unfavorable"),IF(E11<=0,"Favorable","Unfavorable")) -> Unfavorable | H11: Revenue Finance | I11: Channel detail not included
A12: Apr | B12: Paid Claims | C12: 760000 | D12: 801000 | E12: =D12-C12 -> 41000 | F12: =IF(C12=0,0,E12/C12) -> 0.053947368 | G12: =IF(B12="Premium Revenue",IF(E12>=0,"Favorable","Unfavorable"),IF(E12<=0,"Favorable","Unfavorable")) -> Unfavorable | H12: Claims Finance | I12: Supporting claim-detail schedule not included
A13: Apr | B13: Operating Expense | C13: 318000 | D13: 333000 | E13: =D13-C13 -> 15000 | F13: =IF(C13=0,0,E13/C13) -> 0.047169811 | G13: =IF(B13="Premium Revenue",IF(E13>=0,"Favorable","Unfavorable"),IF(E13<=0,"Favorable","Unfavorable")) -> Unfavorable | H13: FP&A | I13: None
... A19: Jun | B19: Operating Expense | C19: 322000 | D19: 361000 | E19: =D19-C19 -> 39000 | F19: =IF(C19=0,0,E19/C19) -> 0.12111801 | G19: =IF(B19="Premium Revenue",IF(E19>=0,"Favorable","Unfavorable"),IF(E19<=0,"Favorable","Unfavorable")) -> Unfavorable | H19: FP&A | I19: Final allocation review pending

Sheet MonthlyContext
A1: Month | B1: Actual Premium Revenue | C1: Actual Paid Claims | D1: LossRatio | E1: Source Rows | F1: Review Flag
A2: Jan | B2: =PerformanceData!D2 -> 1285000 | C2: =PerformanceData!D3 -> 755000 | D2: =IF(B2=0,0,C2/B2) -> 0.58754864 | E2: PerformanceData rows 2-3 | F2: Use only as context; no causal inference
A3: Feb | B3: =PerformanceData!D5 -> 1260000 | C3: =PerformanceData!D6 -> 790000 | D3: =IF(B3=0,0,C3/B3) -> 0.62698413 | E3: PerformanceData rows 5-6 | F3: Use only as context; no causal inference
A4: Mar | B4: =PerformanceData!D8 -> 1318000 | C4: =PerformanceData!D9 -> 812000 | D4: =IF(B4=0,0,C4/B4) -> 0.61608498 | E4: PerformanceData rows 8-9 | F4: Use only as context; no causal inference
A5: Apr | B5: =PerformanceData!D11 -> 1290000 | C5: =PerformanceData!D12 -> 801000 | D5: =IF(B5=0,0,C5/B5) -> 0.62093023 | E5: PerformanceData rows 11-12 | F5: Use only as context; no causal inference
A6: May | B6: =PerformanceData!D14 -> 1375000 | C6: =PerformanceData!D15 -> 824000 | D6: =IF(B6=0,0,C6/B6) -> 0.59927273 | E6: PerformanceData rows 14-15 | F6: Use only as context; no causal inference
A7: Jun | B7: =PerformanceData!D17 -> 1332000 | C7: =PerformanceData!D18 -> 858000 | D7: =IF(B7=0,0,C7/B7) -> 0.64414414 | E7: PerformanceData rows 17-18 | F7: Use only as context; no causal inference

Sheet Instructions
A1: Control | B1: Delivery rule
A2: Scenario | B2: Fictional Northstar Life training data. Not MassMutual data.
A3: Workflow | B3: CREATE → REFINE → VERIFY CLAIMS → PREPARE TO PRESENT.
A4: Ranking basis | B4: Rank unfavorable items by absolute dollar amount unless a different decision basis is explicitly requested.
A5: Favorability | B5: Premium Revenue below plan is unfavorable. Paid Claims or Operating Expense above plan is unfavorable.
A6: Cause discipline | B6: PerformanceData contains calculations and neutral quality flags, not causes. Introduce Monthly Review Notes only after the cause-free analysis.
A7: Formula check | B7: Variance = Actual − Plan. VariancePct = Variance ÷ Plan. Recalculate the top claim independently.
A8: Surface | B8: Use only the approved Excel/Copilot route available in the delivery tenant. Do not upload the workbook to an unapproved account.
A9: Fallback | B9: Use the supplied fallback outputs and blank ledger if Copilot cannot access the workbook.
